{"total_sales_per_year":[{"year":2014,"total_sales":103845.84373867512},{"year":2015,"total_sales":71359.98074388504},{"year":2016,"total_sales":93610.22368311882},{"year":2017,"total_sales":122905.85719966888}]}